Сергей,230721556, /hi
Сергей,230721556, /help
Сергей,230721556, /hi
Сергей,230721556, /time
Сергей,230721556, /help
Сергей,230721556, /help
Сергей,230721556, /help
Сергей,230721556, /hi
Сергей,230721556, /hi
Сергей,230721556, /time
Сергей,230721556, /help
Сергей,230721556, /help
Сергей,230721556, /help
Сергей,230721556, /time
Сергей,230721556, /time
Сергей,230721556, /help
Сергей,230721556, /time
Сергей,230721556, /help
Сергей,230721556, /time
Сергей,230721556, /help
Сергей,230721556, /time
Сергей,230721556, /help
Сергей,230721556, /time
Сергей,230721556, /help
Сергей,230721556, /help
Сергей,230721556, /sum
Сергей,230721556, /sum 345 5
Сергей,230721556, /help
Сергей,230721556, /help
Сергей,230721556, /help
Сергей,230721556, /help
Сергей,230721556, /help
Сергей,230721556, /help
Сергей,230721556, /help
Сергей,230721556, /help
Сергей,230721556, /sum
Сергей,230721556, /sum 333 111
Сергей,230721556, /sum 333 111
Сергей,230721556, /help
Сергей,230721556, /start
Сергей,230721556, /help
Сергей,230721556, /start
Сергей,230721556, /data_time
Сергей,230721556, /start
Сергей,230721556, /help
Сергей,230721556, /hi
Сергей,230721556, /data_time
Сергей,230721556, /help
Сергей,230721556, /start
Сергей,230721556, /sum
Сергей,230721556, /start
Сергей,230721556, /help
Сергей,230721556, /help
Сергей,230721556, /start
Сергей,230721556, /start
Сергей,230721556, /sum 2 3
